{
  "Name": "30thOct Migration - For Automation",
  "Responses": [
    {
      "ResponseID": "1215",
      "ResponseGuid": "476c13bc-81d8-4009-b3b2-a88198780a57",
      "LastEdit": "10/30/2023 7:45:38 AM",
      "Status": "Complete",
      "IP": "100.66.61.9",
      "Language": "en-US",
      "UniqueIdentifier": "dawid@aimh",
      "Invitee": "Pintu.Behera@nasdaq.com",
      "6555": "Average",
      "6556": [
        ""
      ],
      "6557": [
        "Science"
      ],
      "6558": "",
      "6559": "",
      "6560": "NASDAQ",
      "6561": "USA",
      "6562": "",
      "6563": "",
      "6564": "",
      "6565": "",
      "6566": "",
      "6567": "",
      "6568": [
        [
          "Service",
          "",
          "",
          "",
          ""
        ],
        [
          "Value",
          "",
          "3",
          "",
          ""
        ],
        [
          "Improvement",
          "",
          "",
          "",
          ""
        ]
      ],
      "6588": [
        [
          "2233",
          "33"
        ]
      ],
      "6589": ""
    },
    {
      "ResponseID": "1309",
      "ResponseGuid": "bb532fcf-ee6d-4487-b2b9-d1f536476edf",
      "LastEdit": "11/13/2023 7:34:40 AM",
      "Status": "Complete",
      "IP": "100.66.61.9",
      "Language": "en-US",
      "UniqueIdentifier": "mert.mansur@aimh",
      "Invitee": "Mert.Mansuroglu@Nasdaq.com",
      "6555": "Good",
      "6556": [
        "Math"
      ],
      "6557": [
        "Biology"
      ],
      "6558": "1309_4201_144ACBAE-9C84-4E25-84E6-2FCDD6B0BA8F_05-Nov-2023.csv - 968 B",
      "6559": "3",
      "6560": "NasdaqFamilar",
      "6561": "USAA",
      "6562": "Male",
      "6563": "",
      "6564": "MERT",
      "6565": "EXHIBITmERT",
      "6566": "FLYOVERMERT",
      "6567": "",
      "6568": [
        [
          "Service",
          "2",
          "",
          "",
          "20"
        ],
        [
          "Value",
          "",
          "4",
          "",
          ""
        ],
        [
          "Improvement",
          "",
          "",
          "",
          "50"
        ]
      ],
      "6588": [
        [
          "QINSHIFT",
          "HEAD OF QA"
        ],
        [
          "",
          ""
        ]
      ],
      "6589": "1309_4212_1696945157511_b3258625-413a-4a16-978c-91103887bc9cmailsl@aimh_10-10-2023.pdf - 19 KB"
    }
  ]
}